{
  "report_id": "20260201_202246",
  "generation_timestamp": "2026-02-01T20:22:46.538674",
  "persona_count": 10000,
  "provenance_coverage_all": {
    "From NBS 2024 final report (static)": 0.4375,
    "Fetched from NBS PxWeb API": 0.25,
    "Demographic estimate (documented assumptions)": 0.3125
  },
  "provenance_coverage_critical": {
    "From NBS 2024 final report (static)": 0.6364,
    "Fetched from NBS PxWeb API": 0.3636
  },
  "provenance_coverage_super_critical": {
    "From NBS 2024 final report (static)": 1.0
  },
  "fallback_fields": [],
  "fallback_fields_critical": [],
  "fallback_fields_super_critical": [],
  "cached_fields": [],
  "ethnocultural_fallbacks": {
    "language:national_totals:Rrom": 126
  },
  "estimated_fields": [
    "education_by_age_group",
    "marital_status_by_age",
    "employment_status_by_age",
    "occupation_sector",
    "occupation"
  ],
  "marginal_errors": [
    {
      "field": "sex",
      "l1_distance": 0.0002,
      "tv_distance": 0.0001,
      "max_error": 0.0001,
      "target_source": "mixed",
      "target": {
        "Masculin": 0.46609790751157415,
        "Feminin": 0.5339020924884258
      },
      "actual": {
        "Masculin": 0.466,
        "Feminin": 0.534
      }
    },
    {
      "field": "age_group",
      "l1_distance": 0.0177,
      "tv_distance": 0.0088,
      "max_error": 0.0042,
      "target_source": "mixed",
      "target": {
        "15-24": 0.07882706256075922,
        "25-34": 0.15475885012976592,
        "35-44": 0.19292299384237788,
        "45-54": 0.16418656350786726,
        "55-64": 0.18037129526900295,
        "65+": 0.22893323469022675
      },
      "actual": {
        "25-34": 0.1571,
        "35-44": 0.1898,
        "45-54": 0.1609,
        "65+": 0.2312,
        "55-64": 0.1846,
        "15-24": 0.0764
      }
    },
    {
      "field": "region",
      "l1_distance": 0.0172,
      "tv_distance": 0.0086,
      "max_error": 0.0071,
      "target_source": "mixed",
      "target": {
        "Chisinau": 0.25093256166636385,
        "Nord": 0.2760114243863958,
        "Centru": 0.28845138501230205,
        "Sud": 0.13951865578325046,
        "Gagauzia": 0.04508597315168785
      },
      "actual": {
        "Nord": 0.2805,
        "Chisinau": 0.2536,
        "Centru": 0.2899,
        "Sud": 0.1324,
        "Gagauzia": 0.0436
      }
    },
    {
      "field": "residence_type",
      "l1_distance": 0.0107,
      "tv_distance": 0.0054,
      "max_error": 0.0054,
      "target_source": "mixed",
      "target": {
        "Urban": 0.4351647163542742,
        "Rural": 0.5648352836457258
      },
      "actual": {
        "Rural": 0.5702,
        "Urban": 0.4298
      }
    },
    {
      "field": "ethnicity",
      "l1_distance": 0.0086,
      "tv_distance": 0.0043,
      "max_error": 0.0025,
      "target_source": "mixed",
      "target": {
        "Moldovean": 0.772,
        "Român": 0.079,
        "Ucrainean": 0.05,
        "Găgăuz": 0.043,
        "Rus": 0.03,
        "Bulgar": 0.016,
        "Rrom": 0.004,
        "Altele": 0.006
      },
      "actual": {
        "Moldovean": 0.7744,
        "Rus": 0.0292,
        "Român": 0.0795,
        "Ucrainean": 0.0505,
        "Bulgar": 0.0135,
        "Găgăuz": 0.0439,
        "Rrom": 0.0031,
        "Altele": 0.0059
      }
    },
    {
      "field": "education",
      "l1_distance": 0.1968,
      "tv_distance": 0.0984,
      "max_error": 0.0655,
      "target_source": "mixed",
      "target": {
        "Fără studii": 0.024,
        "Primar": 0.092,
        "Gimnazial": 0.227,
        "Liceal": 0.128,
        "Profesional/Tehnic": 0.336,
        "Superior (Licență/Master)": 0.181,
        "Doctorat": 0.012
      },
      "actual": {
        "Liceal": 0.1834,
        "Superior (Licență/Master)": 0.2181,
        "Primar": 0.0903,
        "Profesional/Tehnic": 0.2705,
        "Gimnazial": 0.1958,
        "Fără studii": 0.0242,
        "Doctorat": 0.0177
      }
    },
    {
      "field": "marital_status",
      "l1_distance": 0.0794,
      "tv_distance": 0.0397,
      "max_error": 0.0264,
      "target_source": "mixed",
      "target": {
        "Necăsătorit": 0.236,
        "Căsătorit": 0.558,
        "Divorțat": 0.085,
        "Văduv": 0.1,
        "Separat": 0.021
      },
      "actual": {
        "Căsătorit": 0.5776,
        "Divorțat": 0.0717,
        "Văduv": 0.1138,
        "Necăsătorit": 0.2096,
        "Separat": 0.0273
      }
    },
    {
      "field": "religion",
      "l1_distance": 0.0076,
      "tv_distance": 0.0038,
      "max_error": 0.0027,
      "target_source": "mixed",
      "target": {
        "Ortodox": 0.9646686786009324,
        "Baptist": 0.011139687845779643,
        "Martor al lui Iehova": 0.0070106210590479695,
        "Penticostal": 0.005354491915804803,
        "Adventist": 0.0029656562395802867,
        "Creștină după Evanghelie": 0.0027031561599382744,
        "Staroveri (Ortodoxă Rusă de rit vechi)": 0.0017215417844484338,
        "Islam": 0.0013328887539104852,
        "Catolic": 0.0010984226633564402,
        "Altă religie": 0.002004854977201235
      },
      "actual": {
        "Ortodox": 0.962,
        "Baptist": 0.0119,
        "Altă religie": 0.0024,
        "Staroveri (Ortodoxă Rusă de rit vechi)": 0.0013,
        "Penticostal": 0.0054,
        "Creștină după Evanghelie": 0.0021,
        "Catolic": 0.001,
        "Martor al lui Iehova": 0.008,
        "Adventist": 0.0036,
        "Islam": 0.0023
      }
    },
    {
      "field": "language",
      "l1_distance": 0.0341,
      "tv_distance": 0.0171,
      "max_error": 0.0126,
      "target_source": "mixed",
      "target": {
        "Română": 0.7998317844348648,
        "Ucraineană": 0.029854317013654836,
        "Rusă": 0.11631794818545484,
        "Găgăuză": 0.036304241731997866,
        "Bulgară": 0.011978194278594277,
        "Rromani": 0.0031732516484087644,
        "Alta": 0.002540262707024607
      },
      "actual": {
        "Română": 0.8124,
        "Rusă": 0.1047,
        "Ucraineană": 0.03,
        "Bulgară": 0.0094,
        "Găgăuză": 0.0405,
        "Alta": 0.0027,
        "Rromani": 0.0003
      }
    },
    {
      "field": "employment_status",
      "l1_distance": 0.2422,
      "tv_distance": 0.1211,
      "max_error": 0.1089,
      "target_source": "mixed",
      "target": {
        "employed": 0.427,
        "unemployed": 0.018,
        "student": 0.08,
        "retired": 0.183,
        "homemaker": 0.06,
        "other_inactive": 0.232
      },
      "actual": {
        "employed": 0.3968,
        "other_inactive": 0.1411,
        "retired": 0.2919,
        "homemaker": 0.0701,
        "student": 0.0804,
        "unemployed": 0.0197
      }
    },
    {
      "field": "district",
      "l1_distance": 0.0447,
      "tv_distance": 0.0223,
      "max_error": 0.0039,
      "target_source": "mixed",
      "target": {
        "Mun. Chisinau": 0.25093256166636385,
        "Mun. Balti": 0.036474035471201025,
        "Briceni": 0.021564564821814024,
        "Donduseni": 0.012765640988469239,
        "Drochia": 0.024561646281441932,
        "Edinet": 0.023262125466798584,
        "Falesti": 0.026618274311416196,
        "Floresti": 0.02546654755281598,
        "Glodeni": 0.0172006864422017,
        "Ocnita": 0.01578892372979481,
        "Riscani": 0.019924490102661955,
        "Singerei": 0.026490217508292627,
        "Soroca": 0.02589427170948772,
        "Anenii Noi": 0.02457871633802101,
        "Calarasi": 0.019389481895541922,
        "Criuleni": 0.022764458008445284,
        "Dubasari": 0.009794133234929477,
        "Hincesti": 0.030367065836133106,
        "Ialoveni": 0.029284278258239205,
        "Nisporeni": 0.01596608832436371,
        "Orhei": 0.03241710432220736,
        "Rezina": 0.014052108230434467,
        "Straseni": 0.025934656199960653,
        "Soldanesti": 0.011973138508761113,
        "Telenesti": 0.01855568494072705,
        "Ungheni": 0.03337447091453769,